<?xml version="1.0" encoding="UTF-8"?>
<beans xmlns="http://www.springframework.org/schema/beans"
	xmlns:xsi="http://www.w3.org/2001/XMLSchema-instance"
	xmlns:context="http://www.springframework.org/schema/context"
	xmlns:p="http://www.springframework.org/schema/p"
	xmlns:mvc="http://www.springframework.org/schema/mvc"	
    xmlns:jee="http://www.springframework.org/schema/jee" 
	xmlns:tx="http://www.springframework.org/schema/tx" 
	xmlns:util="http://www.springframework.org/schema/util"
	xmlns:sec="http://www.springframework.org/schema/security"
	xsi:schemaLocation="http://www.springframework.org/schema/beans 
		                http://www.springframework.org/schema/beans/spring-beans-4.3.xsd
		                http://www.springframework.org/schema/context 
						http://www.springframework.org/schema/context/spring-context-4.3.xsd
		                http://www.springframework.org/schema/mvc 
	                    http://www.springframework.org/schema/mvc/spring-mvc-4.3.xsd
	                    http://www.springframework.org/schema/jee 
    					http://www.springframework.org/schema/jee/spring-jee-4.3.xsd
						http://www.springframework.org/schema/tx 
						http://www.springframework.org/schema/tx/spring-tx-4.3.xsd
						http://www.springframework.org/schema/util
        				http://www.springframework.org/schema/util/spring-util.xsd
        				http://www.springframework.org/schema/security
                   		http://www.springframework.org/schema/security/spring-security-4.2.xsd">

	<context:annotation-config/>
	
	<context:component-scan base-package="com.bofa.b2bi.*">
	<context:include-filter type="annotation" expression="org.aspectj.lang.annotation.Aspect"/>
	</context:component-scan>
	
	<import resource="aopbeans.xml"/>
	
	<util:properties id="configProps" location="classpath:/conf/config.properties" local-override="false" ignore-resource-not-found="true" />
	
	<bean class="org.springframework.beans.factory.config.PropertyPlaceholderConfigurer">
    	<property name="location" value="classpath:/conf/config.properties"/>
	</bean>
	
	<jee:jndi-lookup id="dataSource" jndi-name="java:comp/env/jdbc/SIT_DB" resource-ref="true" expected-type="javax.sql.DataSource" />
	
	<bean id="jdbcTemplate" class="org.springframework.jdbc.core.JdbcTemplate">
    	<property name="dataSource" ref="dataSource"/>
	</bean>
	
	<bean id="dataSource" class="org.apache.commons.dbcp.BasicDataSource" destroy-method="close">
        <property name="driverClassName" value="${com.baci.db.driver}"/>
        <property name="url" value="${com.baci.db.connection}"/>
        <property name="username" value="${com.baci.db.user}"/>
        <property name="password" value="${com.baci.db.password}"/>
        <property name="poolPreparedStatements" value="true"/>
        <property name="maxActive" value="10"/>
        <property name="maxIdle" value="10"/>
    </bean>
	
	<bean id="contextSource"
        class="org.springframework.ldap.core.support.LdapContextSource">
        <property name="url" value="ldaps://adaccess.bankofamerica.com:3269" />
        <property name="base" value="" />
        <property name="userDn" value="nbss1xo@corp.bankofamerica.com" />
        <property name="password" value="Pd5h2Hvo" />
        <property name="baseEnvironmentProperties">
	      <map>
	        <entry>
	          <key>
	            <value>java.naming.security.authentication</value>
	          </key>
	          <value>simple</value>
	        </entry>
	      </map>
    	</property>
    	<property name="pooled" value="true"/>
    </bean>  
      
    <bean id="ds" class="org.springframework.jdbc.datasource.DriverManagerDataSource">
		<property name="driverClassName" value="oracle.jdbc.driver.OracleDriver" />
		<property name="url" value="jdbc:oracle:thin:@//lcdra0fzc01-scan:49125/B2BI1S" />
		<property name="username" value="CLEAR_ADMIN_TEST" />
		<property name="password" value="B2BI_SIT_ADMIN" />
	</bean>
    
    <bean id="ldapTemplate" class="org.springframework.ldap.core.LdapTemplate">
        <constructor-arg ref="contextSource" />
    </bean>
    <bean id="modelMapper" class="org.modelmapper.ModelMapper"/>
    
    <bean id="tokenRepository" class="org.springframework.security.web.csrf.CookieCsrfTokenRepository" p:cookieHttpOnly="false" p:headerName="X-XSRF-TOKEN" />
    
    <sec:http auto-config="true" use-expressions="true">
	<sec:session-management invalid-session-url="/login" session-fixation-protection="migrateSession">
	   <sec:concurrency-control max-sessions="1" error-if-maximum-exceeded="false" />
	</sec:session-management>
	<sec:logout logout-success-url="/login" delete-cookies="JSESSIONID" />
	<sec:csrf token-repository-ref="tokenRepository"/>
    </sec:http>
    
    <sec:authentication-manager>
     <sec:authentication-provider>
	 <sec:user-service>
	   <sec:user name="b2bidemo_tp" password="@b2bidemo_tp" authorities="SYS_ADMIN" />
	 </sec:user-service>
     </sec:authentication-provider>
    </sec:authentication-manager>
    
</beans>